Amporn_Falise	1	1
Amporn_Falise	1	1
Amporn_Falise	1	1
Amanda_Bynes	4	1
Amanda_Bynes	4	2
Amanda_Bynes	1	4
Amelie_Mauresmo	15	11
Amelie_Mauresmo	5	7
Amelie_Mauresmo	15	9
Abdul_Rahman	1	1
Abdul_Rahman	1	1
Abdul_Rahman	1	1
Adam_Kennedy	1	1
Adam_Kennedy	1	1
Adam_Kennedy	1	1
Adam_Rich	1	1
Adam_Rich	1	1
Adam_Rich	1	1
Amer_al-Saadi	1	3
Amer_al-Saadi	3	4
Amer_al-Saadi	4	4
Amy_Cotton	1	1
Amy_Cotton	1	1
Amy_Cotton	1	1
Amy_Pascal	1	1
Amy_Pascal	1	1
Amy_Pascal	1	1
Aaron_Sorkin	2	1
Aaron_Sorkin	1	1
Aaron_Sorkin	1	1
BB_King	1	1
BB_King	1	1
BB_King	1	1
Alvaro_Noboa	1	1
Alvaro_Noboa	1	1
Alvaro_Noboa	2	1
Barbara_Bodine	1	1
Barbara_Bodine	1	1
Barbara_Bodine	1	1
Aby_Har-Even	1	1
Aby_Har-Even	1	1
Aby_Har-Even	1	1
Amr_Moussa	1	1
Amr_Moussa	1	1
Amr_Moussa	1	1
Alyson_Hannigan	1	1
Alyson_Hannigan	1	1
Alyson_Hannigan	1	1
Abba_Eban	1	1
Abba_Eban	1	1
Abba_Eban	1	1
Aaron_Pena	1	1
Aaron_Pena	1	1
Aaron_Pena	1	1
Baburam_Bhattari	1	1
Baburam_Bhattari	1	1
Baburam_Bhattari	1	1
Aly_Wagner	1	1
Aly_Wagner	1	1
Aly_Wagner	1	1
Amram_Mitzna	1	1
Amram_Mitzna	1	1
Amram_Mitzna	1	2
Amber_Tamblyn	1	1
Amber_Tamblyn	2	2
Amber_Tamblyn	1	2
Alyse_Beaupre	1	1
Alyse_Beaupre	1	1
Alyse_Beaupre	1	1
Amanda_Marsh	1	1
Amanda_Marsh	1	1
Amanda_Marsh	1	1
Alvaro_Uribe	35	8
Alvaro_Uribe	17	9
Alvaro_Uribe	33	34
Amanda_Plumer	1	1
Amanda_Plumer	1	1
Amanda_Plumer	1	1
Aaron_Eckhart	1	1
Aaron_Eckhart	1	1
Aaron_Eckhart	1	1
Amber_Frey	1	1
Amber_Frey	1	1
Amber_Frey	1	1
Amanda_Coetzer	2	2
Amanda_Coetzer	1	1
Amanda_Coetzer	2	1
Ambrose_Lee	1	1
Ambrose_Lee	1	1
Ambrose_Lee	1	1
Aaron_Guiel	1	1
Aaron_Guiel	1	1
Aaron_Guiel	1	1
Adam_Freier	1	1
Adam_Freier	1	1
Adam_Freier	1	1
Adam_Sandler	2	4
Adam_Sandler	1	4
Adam_Sandler	1	1
Amelia_Vega	2	7
Amelia_Vega	6	5
Amelia_Vega	2	6
Aaron_Peirsol	3	4
Aaron_Peirsol	3	1
Aaron_Peirsol	3	1
Abner_Martinez	1	1
Abner_Martinez	1	1
Abner_Martinez	1	1
Barbara_Becker	1	1
Barbara_Becker	1	1
Barbara_Becker	1	1
Aaron_Tippin	1	1
Aaron_Tippin	1	1
Aaron_Tippin	1	1
Abel_Pacheco	1	3
Abel_Pacheco	1	4
Abel_Pacheco	3	3
Amy_Brenneman	1	1
Amy_Brenneman	1	1
Amy_Brenneman	1	1
Aaron_Patterson	1	1
Aaron_Patterson	1	1
Aaron_Patterson	1	1
Abel_Aguilar	1	1
Abel_Aguilar	1	1
Abel_Aguilar	1	1
Babe_Ruth	1	1
Babe_Ruth	1	1
Babe_Ruth	1	1
Adam_Herbert	1	1
Adam_Herbert	1	1
Adam_Herbert	1	1
Amanda_Beard	1	2
Amanda_Beard	1	1
Amanda_Beard	1	1
Abraham_Foxman	1	1
Abraham_Foxman	1	1
Abraham_Foxman	1	1
Amy_Gale	1	1
Amy_Gale	1	1
Amy_Gale	1	1
Adam_Scott	2	1
Adam_Scott	2	2
Adam_Scott	1	2
Amporn_Falise	1	Amporn_Falise	1	Amporn_Falise	1	
Amanda_Bynes	4	Amanda_Bynes	3	Amanda_Bynes	3	
Amelie_Mauresmo	12	Amelie_Mauresmo	17	Amelie_Mauresmo	1	
Abdul_Rahman	1	Abdul_Rahman	1	Abdul_Rahman	1	
Adam_Kennedy	1	Adam_Kennedy	1	Adam_Kennedy	1	
Adam_Rich	1	Adam_Rich	1	Adam_Rich	1	
Amer_al-Saadi	4	Amer_al-Saadi	4	Amer_al-Saadi	4	
Amy_Cotton	1	Amy_Cotton	1	Amy_Cotton	1	
Amy_Pascal	1	Amy_Pascal	1	Amy_Pascal	1	
Aaron_Sorkin	1	Aaron_Sorkin	1	Aaron_Sorkin	2	
BB_King	1	BB_King	1	BB_King	1	
Alvaro_Noboa	1	Alvaro_Noboa	1	Alvaro_Noboa	2	
Barbara_Bodine	1	Barbara_Bodine	1	Barbara_Bodine	1	
Aby_Har-Even	1	Aby_Har-Even	1	Aby_Har-Even	1	
Amr_Moussa	1	Amr_Moussa	1	Amr_Moussa	1	
Alyson_Hannigan	1	Alyson_Hannigan	1	Alyson_Hannigan	1	
Abba_Eban	1	Abba_Eban	1	Abba_Eban	1	
Aaron_Pena	1	Aaron_Pena	1	Aaron_Pena	1	
Baburam_Bhattari	1	Baburam_Bhattari	1	Baburam_Bhattari	1	
Aly_Wagner	1	Aly_Wagner	1	Aly_Wagner	1	
Amram_Mitzna	2	Amram_Mitzna	1	Amram_Mitzna	2	
Amber_Tamblyn	1	Amber_Tamblyn	2	Amber_Tamblyn	1	
Alyse_Beaupre	1	Alyse_Beaupre	1	Alyse_Beaupre	1	
Amanda_Marsh	1	Amanda_Marsh	1	Amanda_Marsh	1	
Alvaro_Uribe	7	Alvaro_Uribe	18	Alvaro_Uribe	6	
Amanda_Plumer	1	Amanda_Plumer	1	Amanda_Plumer	1	
Aaron_Eckhart	1	Aaron_Eckhart	1	Aaron_Eckhart	1	
Amber_Frey	1	Amber_Frey	1	Amber_Frey	1	
Amanda_Coetzer	2	Amanda_Coetzer	1	Amanda_Coetzer	1	
Ambrose_Lee	1	Ambrose_Lee	1	Ambrose_Lee	1	
Aaron_Guiel	1	Aaron_Guiel	1	Aaron_Guiel	1	
Adam_Freier	1	Adam_Freier	1	Adam_Freier	1	
Adam_Sandler	2	Adam_Sandler	1	Adam_Sandler	1	
Amelia_Vega	4	Amelia_Vega	3	Amelia_Vega	3	
Aaron_Peirsol	2	Aaron_Peirsol	1	Aaron_Peirsol	4	
Abner_Martinez	1	Abner_Martinez	1	Abner_Martinez	1	
Barbara_Becker	1	Barbara_Becker	1	Barbara_Becker	1	
Aaron_Tippin	1	Aaron_Tippin	1	Aaron_Tippin	1	
Abel_Pacheco	4	Abel_Pacheco	1	Abel_Pacheco	1	
Amy_Brenneman	1	Amy_Brenneman	1	Amy_Brenneman	1	
Aaron_Patterson	1	Aaron_Patterson	1	Aaron_Patterson	1	
Abel_Aguilar	1	Abel_Aguilar	1	Abel_Aguilar	1	
Babe_Ruth	1	Babe_Ruth	1	Babe_Ruth	1	
Adam_Herbert	1	Adam_Herbert	1	Adam_Herbert	1	
Amanda_Beard	2	Amanda_Beard	2	Amanda_Beard	1	
Abraham_Foxman	1	Abraham_Foxman	1	Abraham_Foxman	1	
Amy_Gale	1	Amy_Gale	1	Amy_Gale	1	
Adam_Scott	1	Adam_Scott	2	Adam_Scott	2	
